{
	"version": "5.3.0",
	"objects": [
		{
			"type": "rect",
			"version": "5.3.0",
			"originX": "left",
			"originY": "top",
			"left": 175.5,
			"top": -286.5,
			"width": 900,
			"height": 1200,
			"fill": "rgba(255, 226, 226, 1)",
			"stroke": null,
			"strokeWidth": 1,
			"strokeDashArray": null,
			"strokeLineCap": "butt",
			"strokeDashOffset": 0,
			"strokeLineJoin": "miter",
			"strokeUniform": false,
			"strokeMiterLimit": 4,
			"scaleX": 1,
			"scaleY": 1,
			"angle": 0,
			"flipX": false,
			"flipY": false,
			"opacity": 1,
			"shadow": {
				"color": "rgba(0,0,0,0.8)",
				"blur": 5,
				"offsetX": 0,
				"offsetY": 0,
				"affectStroke": false,
				"nonScaling": false
			},
			"visible": true,
			"backgroundColor": "",
			"fillRule": "nonzero",
			"paintFirst": "fill",
			"globalCompositeOperation": "source-over",
			"skewX": 0,
			"skewY": 0,
			"rx": 0,
			"ry": 0,
			"name": "clip",
			"selectable": false,
			"hasControls": false
		},
		{
			"type": "textbox",
			"version": "5.3.0",
			"originX": "left",
			"originY": "top",
			"left": 319.33685515,
			"top": 106.17690995,
			"width": 315.5859375,
			"height": 195.264,
			"fill": "rgba(0,0,0,1)",
			"stroke": null,
			"strokeWidth": 1,
			"strokeDashArray": null,
			"strokeLineCap": "butt",
			"strokeDashOffset": 0,
			"strokeLineJoin": "miter",
			"strokeUniform": false,
			"strokeMiterLimit": 4,
			"scaleX": 2.00931204,
			"scaleY": 2.00931204,
			"angle": 0,
			"flipX": false,
			"flipY": false,
			"opacity": 1,
			"shadow": null,
			"visible": true,
			"backgroundColor": "",
			"fillRule": "nonzero",
			"paintFirst": "fill",
			"globalCompositeOperation": "source-over",
			"skewX": 0,
			"skewY": 0,
			"fontFamily": "Arial Black",
			"fontWeight": 700,
			"fontSize": 80,
			"text": "FLASH\nSALE",
			"underline": false,
			"overline": false,
			"linethrough": false,
			"textAlign": "center",
			"fontStyle": "normal",
			"lineHeight": 1.16,
			"textBackgroundColor": "",
			"charSpacing": 0,
			"styles": [],
			"direction": "ltr",
			"path": null,
			"pathStartOffset": 0,
			"pathSide": "left",
			"pathAlign": "baseline",
			"minWidth": 20,
			"splitByGrapheme": false,
			"selectable": true,
			"hasControls": true,
			"editable": true
		},
		{
			"type": "textbox",
			"version": "5.3.0",
			"originX": "left",
			"originY": "top",
			"left": 329.33685515,
			"top": 116.17690995,
			"width": 315.5859375,
			"height": 195.264,
			"fill": "rgba(249, 143, 135, 1)",
			"stroke": null,
			"strokeWidth": 1,
			"strokeDashArray": null,
			"strokeLineCap": "butt",
			"strokeDashOffset": 0,
			"strokeLineJoin": "miter",
			"strokeUniform": false,
			"strokeMiterLimit": 4,
			"scaleX": 2.00931204,
			"scaleY": 2.00931204,
			"angle": 0,
			"flipX": false,
			"flipY": false,
			"opacity": 1,
			"shadow": null,
			"visible": true,
			"backgroundColor": "",
			"fillRule": "nonzero",
			"paintFirst": "fill",
			"globalCompositeOperation": "source-over",
			"skewX": 0,
			"skewY": 0,
			"fontFamily": "Arial Black",
			"fontWeight": 700,
			"fontSize": 80,
			"text": "FLASH\nSALE",
			"underline": false,
			"overline": false,
			"linethrough": false,
			"textAlign": "center",
			"fontStyle": "normal",
			"lineHeight": 1.16,
			"textBackgroundColor": "",
			"charSpacing": 0,
			"styles": [],
			"direction": "ltr",
			"path": null,
			"pathStartOffset": 0,
			"pathSide": "left",
			"pathAlign": "baseline",
			"minWidth": 20,
			"splitByGrapheme": false,
			"selectable": true,
			"hasControls": true,
			"editable": true
		},
		{
			"type": "circle",
			"version": "5.3.0",
			"originX": "left",
			"originY": "top",
			"left": 713.29149494,
			"top": -569.85874859,
			"width": 300,
			"height": 300,
			"fill": "rgba(249, 143, 135, 1)",
			"stroke": "rgba(255, 255, 255, 1)",
			"strokeWidth": 0,
			"strokeDashArray": null,
			"strokeLineCap": "butt",
			"strokeDashOffset": 0,
			"strokeLineJoin": "miter",
			"strokeUniform": false,
			"strokeMiterLimit": 4,
			"scaleX": 4.39243037,
			"scaleY": 2.05575792,
			"angle": 0,
			"flipX": false,
			"flipY": false,
			"opacity": 1,
			"shadow": null,
			"visible": true,
			"backgroundColor": "",
			"fillRule": "nonzero",
			"paintFirst": "fill",
			"globalCompositeOperation": "source-over",
			"skewX": 0,
			"skewY": 0,
			"radius": 150,
			"startAngle": 0,
			"endAngle": 360,
			"selectable": true,
			"hasControls": true
		},
		{
			"type": "circle",
			"version": "5.3.0",
			"originX": "left",
			"originY": "top",
			"left": -718.03385705,
			"top": 1440.10608693,
			"width": 300,
			"height": 300,
			"fill": "rgba(249, 143, 135, 1)",
			"stroke": "rgba(255, 255, 255, 1)",
			"strokeWidth": 0,
			"strokeDashArray": null,
			"strokeLineCap": "butt",
			"strokeDashOffset": 0,
			"strokeLineJoin": "miter",
			"strokeUniform": false,
			"strokeMiterLimit": 4,
			"scaleX": 4.39243037,
			"scaleY": 2.05575792,
			"angle": 310.75212427,
			"flipX": false,
			"flipY": false,
			"opacity": 1,
			"shadow": null,
			"visible": true,
			"backgroundColor": "",
			"fillRule": "nonzero",
			"paintFirst": "fill",
			"globalCompositeOperation": "source-over",
			"skewX": 0,
			"skewY": 0,
			"radius": 150,
			"startAngle": 0,
			"endAngle": 360,
			"selectable": true,
			"hasControls": true
		},
		{
			"type": "circle",
			"version": "5.3.0",
			"originX": "left",
			"originY": "top",
			"left": -618.1125382,
			"top": 74.30990859,
			"width": 300,
			"height": 300,
			"fill": "rgba(0, 0, 0, 0)",
			"stroke": "rgba(218, 128, 128, 1)",
			"strokeWidth": 7,
			"strokeDashArray": null,
			"strokeLineCap": "butt",
			"strokeDashOffset": 0,
			"strokeLineJoin": "miter",
			"strokeUniform": false,
			"strokeMiterLimit": 4,
			"scaleX": 4.39243037,
			"scaleY": 2.05575792,
			"angle": -49.24787573,
			"flipX": false,
			"flipY": false,
			"opacity": 1,
			"shadow": null,
			"visible": true,
			"backgroundColor": "",
			"fillRule": "nonzero",
			"paintFirst": "fill",
			"globalCompositeOperation": "source-over",
			"skewX": 0,
			"skewY": 0,
			"radius": 150,
			"startAngle": 0,
			"endAngle": 360,
			"selectable": true,
			"hasControls": true
		},
		{
			"type": "circle",
			"version": "5.3.0",
			"originX": "left",
			"originY": "top",
			"left": -659.81729654,
			"top": 41.59728214,
			"width": 300,
			"height": 300,
			"fill": "rgba(0, 0, 0, 0)",
			"stroke": "rgba(218, 128, 128, 1)",
			"strokeWidth": 7,
			"strokeDashArray": null,
			"strokeLineCap": "butt",
			"strokeDashOffset": 0,
			"strokeLineJoin": "miter",
			"strokeUniform": false,
			"strokeMiterLimit": 4,
			"scaleX": 4.39243037,
			"scaleY": 2.05575792,
			"angle": -49.24787573,
			"flipX": false,
			"flipY": false,
			"opacity": 1,
			"shadow": null,
			"visible": true,
			"backgroundColor": "",
			"fillRule": "nonzero",
			"paintFirst": "fill",
			"globalCompositeOperation": "source-over",
			"skewX": 0,
			"skewY": 0,
			"radius": 150,
			"startAngle": 0,
			"endAngle": 360,
			"selectable": true,
			"hasControls": true
		},
		{
			"type": "circle",
			"version": "5.3.0",
			"originX": "left",
			"originY": "top",
			"left": 536.13624411,
			"top": 1302.74377896,
			"width": 300,
			"height": 300,
			"fill": "rgba(0, 0, 0, 0)",
			"stroke": "rgba(218, 128, 128, 1)",
			"strokeWidth": 7,
			"strokeDashArray": null,
			"strokeLineCap": "butt",
			"strokeDashOffset": 0,
			"strokeLineJoin": "miter",
			"strokeUniform": false,
			"strokeMiterLimit": 4,
			"scaleX": 4.39243037,
			"scaleY": 2.05575792,
			"angle": -49.24787573,
			"flipX": false,
			"flipY": false,
			"opacity": 1,
			"shadow": null,
			"visible": true,
			"backgroundColor": "",
			"fillRule": "nonzero",
			"paintFirst": "fill",
			"globalCompositeOperation": "source-over",
			"skewX": 0,
			"skewY": 0,
			"radius": 150,
			"startAngle": 0,
			"endAngle": 360,
			"selectable": true,
			"hasControls": true
		},
		{
			"type": "circle",
			"version": "5.3.0",
			"originX": "left",
			"originY": "top",
			"left": 568.61657383,
			"top": 1341.96820759,
			"width": 300,
			"height": 300,
			"fill": "rgba(0, 0, 0, 0)",
			"stroke": "rgba(218, 128, 128, 1)",
			"strokeWidth": 7,
			"strokeDashArray": null,
			"strokeLineCap": "butt",
			"strokeDashOffset": 0,
			"strokeLineJoin": "miter",
			"strokeUniform": false,
			"strokeMiterLimit": 4,
			"scaleX": 4.39243037,
			"scaleY": 2.05575792,
			"angle": -49.24787573,
			"flipX": false,
			"flipY": false,
			"opacity": 1,
			"shadow": null,
			"visible": true,
			"backgroundColor": "",
			"fillRule": "nonzero",
			"paintFirst": "fill",
			"globalCompositeOperation": "source-over",
			"skewX": 0,
			"skewY": 0,
			"radius": 150,
			"startAngle": 0,
			"endAngle": 360,
			"selectable": true,
			"hasControls": true
		},
		{
			"type": "textbox",
			"version": "5.3.0",
			"originX": "left",
			"originY": "top",
			"left": 451.17501325,
			"top": 36.86030723,
			"width": 382.89205307,
			"height": 49.72,
			"fill": "rgba(189, 114, 112, 1)",
			"stroke": null,
			"strokeWidth": 1,
			"strokeDashArray": null,
			"strokeLineCap": "butt",
			"strokeDashOffset": 0,
			"strokeLineJoin": "miter",
			"strokeUniform": false,
			"strokeMiterLimit": 4,
			"scaleX": 1,
			"scaleY": 1,
			"angle": 0,
			"flipX": false,
			"flipY": false,
			"opacity": 1,
			"shadow": null,
			"visible": true,
			"backgroundColor": "",
			"fillRule": "nonzero",
			"paintFirst": "fill",
			"globalCompositeOperation": "source-over",
			"skewX": 0,
			"skewY": 0,
			"fontFamily": "Georgia",
			"fontWeight": 500,
			"fontSize": 44,
			"text": "COMPANY, INC.",
			"underline": false,
			"overline": false,
			"linethrough": false,
			"textAlign": "center",
			"fontStyle": "normal",
			"lineHeight": 1.16,
			"textBackgroundColor": "",
			"charSpacing": 0,
			"styles": [],
			"direction": "ltr",
			"path": null,
			"pathStartOffset": 0,
			"pathSide": "left",
			"pathAlign": "baseline",
			"minWidth": 20,
			"splitByGrapheme": false,
			"selectable": true,
			"hasControls": true,
			"editable": true
		},
		{
			"type": "textbox",
			"version": "5.3.0",
			"originX": "left",
			"originY": "top",
			"left": 461.17501325,
			"top": 536.93149494,
			"width": 382.89205307,
			"height": 49.72,
			"fill": "rgba(189, 114, 112, 1)",
			"stroke": null,
			"strokeWidth": 1,
			"strokeDashArray": null,
			"strokeLineCap": "butt",
			"strokeDashOffset": 0,
			"strokeLineJoin": "miter",
			"strokeUniform": false,
			"strokeMiterLimit": 4,
			"scaleX": 1,
			"scaleY": 1,
			"angle": 0,
			"flipX": false,
			"flipY": false,
			"opacity": 1,
			"shadow": null,
			"visible": true,
			"backgroundColor": "",
			"fillRule": "nonzero",
			"paintFirst": "fill",
			"globalCompositeOperation": "source-over",
			"skewX": 0,
			"skewY": 0,
			"fontFamily": "Georgia",
			"fontWeight": 500,
			"fontSize": 44,
			"text": "SHOP NOW",
			"underline": false,
			"overline": false,
			"linethrough": false,
			"textAlign": "center",
			"fontStyle": "normal",
			"lineHeight": 1.16,
			"textBackgroundColor": "",
			"charSpacing": 0,
			"styles": [],
			"direction": "ltr",
			"path": null,
			"pathStartOffset": 0,
			"pathSide": "left",
			"pathAlign": "baseline",
			"minWidth": 20,
			"splitByGrapheme": false,
			"selectable": true,
			"hasControls": true,
			"editable": true
		},
		{
			"type": "textbox",
			"version": "5.3.0",
			"originX": "left",
			"originY": "top",
			"left": 493.65534296,
			"top": 795.97604372,
			"width": 382.89205307,
			"height": 49.72,
			"fill": "rgba(189, 114, 112, 1)",
			"stroke": null,
			"strokeWidth": 1,
			"strokeDashArray": null,
			"strokeLineCap": "butt",
			"strokeDashOffset": 0,
			"strokeLineJoin": "miter",
			"strokeUniform": false,
			"strokeMiterLimit": 4,
			"scaleX": 0.92095909,
			"scaleY": 0.92095909,
			"angle": 0,
			"flipX": false,
			"flipY": false,
			"opacity": 1,
			"shadow": null,
			"visible": true,
			"backgroundColor": "",
			"fillRule": "nonzero",
			"paintFirst": "fill",
			"globalCompositeOperation": "source-over",
			"skewX": 0,
			"skewY": 0,
			"fontFamily": "Georgia",
			"fontWeight": 500,
			"fontSize": 44,
			"text": "www.website.com",
			"underline": false,
			"overline": false,
			"linethrough": false,
			"textAlign": "center",
			"fontStyle": "normal",
			"lineHeight": 1.16,
			"textBackgroundColor": "",
			"charSpacing": 0,
			"styles": [],
			"direction": "ltr",
			"path": null,
			"pathStartOffset": 0,
			"pathSide": "left",
			"pathAlign": "baseline",
			"minWidth": 20,
			"splitByGrapheme": false,
			"selectable": true,
			"hasControls": true,
			"editable": true
		}
	],
	"clipPath": {
		"type": "rect",
		"version": "5.3.0",
		"originX": "left",
		"originY": "top",
		"left": 175.5,
		"top": -286.5,
		"width": 900,
		"height": 1200,
		"fill": "rgba(255, 226, 226, 1)",
		"stroke": null,
		"strokeWidth": 1,
		"strokeDashArray": null,
		"strokeLineCap": "butt",
		"strokeDashOffset": 0,
		"strokeLineJoin": "miter",
		"strokeUniform": false,
		"strokeMiterLimit": 4,
		"scaleX": 1,
		"scaleY": 1,
		"angle": 0,
		"flipX": false,
		"flipY": false,
		"opacity": 1,
		"shadow": {
			"color": "rgba(0,0,0,0.8)",
			"blur": 5,
			"offsetX": 0,
			"offsetY": 0,
			"affectStroke": false,
			"nonScaling": false
		},
		"visible": true,
		"backgroundColor": "",
		"fillRule": "nonzero",
		"paintFirst": "fill",
		"globalCompositeOperation": "source-over",
		"skewX": 0,
		"skewY": 0,
		"rx": 0,
		"ry": 0,
		"selectable": true,
		"hasControls": true
	}
}